<!-- ADDRESS ::= 
	INT
	| (<page>INT</page>?</page> <offset>INT</offset>)
-->

<!--
name: identificador do espaço de memoria. Apenas para o humano
address: endereço base da area de memoria
size: tamanho da area da memoria em bytes
type: natureza da memoria
	dram: ram dinamica 
	spm: ram estatica on-chip
	rom: memoria apenas leitura
	io: registro de entrada e saida
latency: número de ciclos para ler um dado o espaço de memória
write_latency: número de ciclos para gravar no espaço de memória 
cached: se o espaço é acessado atraves da cache ou de forma direta
writable: se o espaço eh gravavel ou não
-->
<!-- Os dados adicionados aqui foram apenas do instruction bus -->
<memory>
	<banks>
		<bank><!-- -->
			<name>INTERNAL MEMORY ROM</name>
		  	<address><offset>OX4000</offset></address>
		  	<size>384000</size>
		  	<type>ROM</type>
		  	<latency>4</latency>
			<cached>BOOL</cached>		<!-- default: false -->
		  	<writable>BOOL</writable>	<!-- default: true -->
		</bank>

		<bank>
			<name>ON-CHIP STATIC RAM</name>
		  	<address><offset>0x4037</offset></address>
		  	<size>400000</size>
		  	<type>SPM</type>
		  	<latency>INT</latency>
			<cached>BOOL</cached>		<!-- default: false -->
		  	<writable>BOOL</writable>	<!-- default: true -->
		</bank>

	</banks>
</memory>