
<!-- 
https://www.espressif.com/sites/default/files/documentation/esp32-c3_datasheet_en.pdf
https://www.espressif.com/sites/default/files/documentation/esp32-c3_technical_reference_manual_en.pdf#riscvcpu
arch: ISA suportado pelo pipeline. Ex: arch: arm, model:cortexa8, builder:atmel,nxp,
model: apenas informativo, ajuda a dar uma descricao ao pipeline do modelo
builder: apenas informativo, ajuda a dar uma descricao ao pipeline do microprocessador
stages: são os estagios do pipeline e deve estar ordenado na ordem real
	id?: nao eh obrigatorio. Permite vincular um estagio a uma fila
	name?: nome de exibicao para o humano.
	width?: numero de instrucoes processadas em paralelo pelo estagio. Padrao é 1.
	latency?: latência básica (em ciclo) do estágio para processar tantas instruções quanto sua largura. Padrão é 1
	type?: Efeito no tempo de execucao
		fetch: Sempre o primeiro. Busca as instruções na memoria. 
		lazy: Mais simples, objetivo é gastar tempo na execução da intrução.
		commit: Ultimo estagio em que as instrucoes saem do pipeline.
		exec: Mais complexo. Representa o estagio em que a instrucao eh executada.
			dispatch: dispacha instrucoes para a unidade funcional
				inst:
					type: Mascara otawa::Inst
					fu: fornece a unidade funcional que receberá a instrução
			fus: unidades funcionais
				name: Apenas para o humano associar ao dispach
				width: Número de FU existentes, ou seja, numero de instrucoes que podem ser executadas na FU atual. Padrão é 1.
				latency: ciclos necessario para que a instrução atravesse a unidade funcional.
				pipelined: Falso é padrão. FU de ciclo múltiplo não é bloqueada até o final da instrução: a cada ciclo, ela pode aceitar outra instrução.
queue: recusos do pipeline que armazenam um conjunto de instrução, como buffer,fifo, 
	name: um identificador
	size: quantidade maxima de instrucoes que a fila pode conter
	input: estagio que deposita as instrucoes na fila
	output: estagio que extrai as instrucoes na fila
	intern: usado apenas no caso de filas que implementam um buffer de reordenação.
-->


<processor class="otawa::hard::Processor">
	<arch>riscv</arch>
	<model>esp32-c3</model>
	<frequency>160000000</frequency>

		<stages>
		<stage id="FI">
			<name>FI</name>
			<width>1</width>
			<type>FETCH</type>
		</stage>
		<stage id="DI">
			<name>DI</name>
			<width>1</width>
			<type>LAZY</type>
		</stage>
		<stage id="EX">
			<name>EX</name>
			<type>EXEC</type>
			<width>1</width>
			<ordered>true</ordered>
			<mem>true</mem>
		</stage>
		<stage id="CM">
			<name>CM</name>
			<type>COMMIT</type>
			<width>1</width>
			<!-- latency>0</latency-->
		</stage>

	</stages>
	<queues>
		<queue>
			<name>FETCH_QUEUE</name>
			<size>1</size>
			<input ref="FI"/>
			<output ref="DI"/>
		</queue>
		<queue>
			<name>DECODE_QUEUE</name>
			<size>1</size>
			<input ref="DI"/>
			<output ref="EX"/>
		</queue>
		<queue>
			<name>EXEC_QUEUE</name>
			<size>1</size>
			<input ref="EX"/>
			<output ref="CM"/>
		</queue>
	</queues>
</processor>